,0
0,57HE92
1,52HH39
2,57HJ36
3,52H147
4,58GW11
5,57HJ61
6,50H255
7,58H551
8,52HF79
9,58H924
10,58H830
11,57H947
12,52HJ68
13,57H434
14,52H146
15,57GASR
16,57HB79
17,50H265
18,58H870
19,52HK12
20,50H498
21,52HD76
22,57HG15
23,57HH63
24,50H325
25,58H748
26,57HB55
27,52H777
28,50H497
29,58H804
30,57H187
31,58GW32
32,57H737
33,52HJ94
34,50H308
35,58HC75
36,52HH91
37,52HK47
38,57GACS
39,57H840
40,52HD05
41,57HE18
42,57H735
43,50H373
44,57HB70
45,52H988
46,57HB20
47,58H377
48,52HJ87
49,58H559
50,57HC18
51,73503BB4
52,57H587
53,57HA05
54,57H248
55,58HC55
56,57HJ66
57,57HC71
58,58H528
59,52HM10
60,71205B98
61,52HL71
62,58H849
63,52HJ10
64,58GT03
65,52H789
66,58HC34
67,57HJ49
68,71201B98
69,57HB96
70,50H368
71,58H379
72,52HD42
73,52HH56
74,276040
75,57H691
76,57H311
77,58H367
78,58HA56
79,58H929
80,52H939
81,52H751
82,52HD48
83,58H882
84,58HA19
85,58HB53
86,57HD55
87,57H964
88,57HE40
89,57GATM
90,57H017
91,57H907
92,52HE93
93,57GAQH
94,58H440
95,58H236
96,57HC07
97,57H697
98,52H959
99,58HB32
100,50H278
101,52HE96
102,52HG96
103,71903B92
104,52HF85
105,52HJ42
106,57H523
107,52HG77
108,57H189
109,57HH95
110,52HM07
111,57H596
112,52HA08
113,58H990
114,57H824
115,57HH85
116,57H347
117,57HC17
118,57HB42
119,58H841
120,58H707
121,57HG45
122,52HC74
123,57H271
124,57H224
125,58H963
126,57H413
127,58H742
128,57HD63
129,58H135
130,52HJ63
131,57H608
132,57HF46
133,52HF48
134,50H235
135,58HC36
136,52GS06
137,57HB59
138,52H966
139,57HH65
140,57HD97
141,57H331
142,52HF43
143,57HH22
144,57H718
145,70101B9A
146,58HC60
147,58HA77
148,50H222
149,52HL69
150,57HD52
151,52HK52
152,58H989
153,58H946
154,57HD67
155,52HC31
156,50H227
157,52H940
158,57HE06
159,58H886
160,57H731
161,58H855
162,57HE53
163,50H420
164,52HF88
165,58H464
166,55G926
167,57HC54
168,52HD08
169,57GASA
170,52HE84
171,57H793
172,52HJ13
173,57H275
174,52H958
175,57H815
176,57HE25
177,58H775
178,58H726
179,57HE02
180,58HB40
181,58HB07
182,57HB65
183,58H975
184,58H776
185,52HD75
186,52HE21
187,58H518
188,57H738
189,57HD71
190,52HG74
191,58HA92
192,52HH40
193,58H837
194,52HG07
195,50H335
196,57H694
197,57HJ22
198,52H820
199,57HH06
200,57H367
201,57H269
202,74201773
203,52HC54
204,58H972
205,52HE51
206,57H168
207,58H168
208,58H176
209,57HF27
210,58H362
211,57H797
212,52HE26
213,52HG23
214,58HC74
215,58HA96
216,50H445
217,57HJ04
218,52HH84
219,500068
220,57HE73
221,57HD86
222,52H953
223,57H192
224,57H913
225,52HH32
226,58H887
227,57H887
228,57H979
229,52HJ88
230,58H433
231,57GAQN
232,52HF53
233,58H618
234,57GATF
235,52HE86
236,57HE03
237,52HE23
238,57HJ05
239,58HB77
240,57H386
241,52HD29
242,52HF90
243,58H576
244,52H650
245,57HJ23
246,58H987
247,57HC69
248,58HB08
249,50H272
250,57HB10
251,57HH02
252,57H225
253,58HA34
254,57HB35
255,58H636
256,58H751
257,50H274
258,52HL94
259,57HG42
260,57GZ62
261,52HL07
262,52HM16
263,57H729
264,57HF64
265,50H253
266,58HB43
267,57HF16
268,58H610
269,52HC36
270,610042
271,50H315
272,58HB44
273,58H574
274,50H362
275,52GS42
276,57H463
277,52H952
278,50H281
279,57HE28
280,52HJ22
281,52H780
282,57H598
283,52HF28
284,58HA67
285,57HE20
286,52HG33
287,58HC04
288,52HL42
289,57HE14
290,52HG76
291,57H826
292,52H007
293,52HL98
294,57HB18
295,58H699
296,57HH99
297,58H453
298,58H888
299,58HB88
300,52HH93
301,57HB34
302,57H049
303,73501BB4
304,50H376
305,58HA14
306,58HB73
307,57HJ78
308,52HA88
309,57GASB
310,50H390
311,71208B98
312,58HC76
313,57GATQ
314,52HK10
315,50H375
316,57H256
317,58H639
318,57HG32
319,57H494
320,58H616
321,57HB27
322,55G897
323,52HL34
324,50H434
325,52HD35
326,52H079
327,74701B9A
328,58H974
329,57HC88
330,57HC14
331,58H960
332,57HA37
333,57HH77
334,58GW13
335,58HC22
336,57HF38
337,57H816
338,57HB15
339,52HK82
340,57HC46
341,57HH05
342,50H339
343,57GADG
344,58H737
345,58HA86
346,57GASF
347,58H920
348,52H106
349,52HK29
350,57H696
351,58H554
352,52HC53
353,52H017
354,57HH64
355,57H517
356,57HJ13
357,58H142
358,50H388
359,58H634
360,58HA73
361,52HD69
362,57H173
363,52GQ53
364,52HB57
365,58H128
366,52HK54
367,74702B8A
368,52HD98
369,57HD15
370,52HJ54
371,57HE37
372,58H928
373,52HM21
374,58HA94
375,57HB84
376,52HC76
377,610037
378,57HH69
379,52HD82
380,50H394
381,52HA91
382,57HJ91
383,57H306
384,57HB56
385,57HG35
386,58H602
387,57H611
388,57H247
389,57H233
390,58HC09
391,57GATS
392,57GAQV
393,57HH88
394,57HA95
395,57HC11
396,58H429
397,57HE96
398,52HE42
399,52H853
400,52GS71
401,58HA03
402,520050
403,58H163
404,50H340
405,50H480
406,50H260
407,57HF39
408,58H907
409,58H994
410,58H527
411,57H297
412,52HH77
413,58H913
414,50H404
415,57H863
416,58H740
417,58H240
418,57HD29
419,52HG04
420,57HE07
421,57H707
422,57HK32
423,52HH48
424,58HC63
425,74202B98
426,57H959
427,52HA84
428,52HA45
429,57H261
430,52HB56
431,57H279
432,52HA71
433,72802BB4
434,500067
435,52HF00
436,52HJ57
437,365900
438,58H743
439,52HJ07
440,58H793
441,58H774
442,57HD51
443,58H992
444,58H942
445,52HD30
446,50H481
447,52HK40
448,58H533
449,57GASS
450,52HG37
451,52HK27
452,52HE67
453,52HG49
454,58H878
455,52HL80
456,57HA45
457,57HE10
458,57H483
459,57GAQY
460,52H935
461,58H676
462,58H512
463,52HA70
464,58H346
465,58H592
466,52GQ70
467,57HJ18
468,58HB18
469,52HL33
470,57H285
471,58H712
472,58HB48
473,52HA81
474,58HC16
475,57GASC
476,57HB24
477,58H229
478,50H306
479,57H884
480,50H418
481,57HB66
482,58H628
483,57GAAD
484,57H585
485,57HF98
486,57H603
487,50H412
488,58H984
489,58H400
490,52HK02
491,57HG50
492,427120
493,01957229
494,57HA82
495,57H265
496,57HD33
497,57H170
498,57HG37
499,58H706
500,58H397
501,57HD76
502,58H788
503,50H399
504,52HL90
505,58H384
506,58H499
507,58HC24
508,52HF93
509,57H830
510,52HJ11
511,50H249
512,52HE62
513,58H378
514,58HA68
515,57GASN
516,57H710
517,58H966
518,58H243
519,50H377
520,57HC35
521,52HD60
522,52HC86
523,04963229
524,57H617
525,52HL68
526,57HF41
527,530097
528,52H730
529,57HE98
530,58HB21
531,57H286
532,52H115
533,57HJ62
534,58H892
535,50H439
536,52HA33
537,57GATZ
538,57HC16
539,57H999
540,50H380
541,52H671
542,58HA59
543,75701B93
544,57HH51
545,57H621
546,52HK84
547,57H392
548,52HL88
549,52HA69
550,52HL57
551,58HA09
552,52HM14
553,50H403
554,57HG48
555,418670
556,530098
557,52HL18
558,50H500
559,52HH33
560,58H441
561,57HJ94
562,58HC27
563,52HG43
564,52H107
565,57HA51
566,1806421A
567,50H269
568,57GAQQ
569,57HH32
570,58H993
571,52H153
572,57H158
573,52HM03
574,52HA37
575,52H647
576,57HF74
577,58HA65
578,57HF34
579,50H229
580,58HA99
581,57H447
582,57H957
583,57HA42
584,57H056
585,57H356
586,57HF69
587,58H759
588,52HD73
589,57HF61
590,58HA25
591,58H613
592,58HC38
593,52HC13
594,58H237
595,52HH95
596,57HD23
597,52H845
598,58H546
599,52HD85
600,57HF62
601,57GARV
602,57H739
603,52HE25
604,57HB91
605,57HD43
606,52HJ06
607,58H684
608,376930
609,58H858
610,52HK07
611,52H741
612,57GX80
613,58HA21
614,57GAQW
615,57HA15
616,57HK15
617,57GATB
618,52HC95
619,58H552
620,57HF63
621,57H872
622,52H697
623,52HG09
624,52H069
625,57H308
626,52HG50
627,71903B96
628,58HC56
629,408920
630,57HF15
631,57HK23
632,52H955
633,52HL27
634,57HJ68
635,57HD30
636,58HA63
637,52HJ49
638,415580
639,57HK21
640,52HL84
641,52HJ39
642,57GASY
643,52HA46
644,52HC49
645,57H728
646,530102
647,57HJ93
648,52H934
649,57H692
650,52HG10
651,58GS97
652,52HF80
653,52HG80
654,58HC88
655,52HA68
656,52GQ98
657,52HK11
658,52HJ59
659,52HD84
660,70101BA2
661,52HJ55
662,57H299
663,57HA31
664,57HG13
665,58H582
666,58H460
667,58H713
668,57HJ40
669,57GAQR
670,52H757
671,58H779
672,58HA47
673,52H804
674,52HA13
675,57H266
676,50H411
677,57HG99
678,58H523
679,58H885
680,52HC72
681,57H372
682,52HJ78
683,57HB73
684,58HC37
685,52HF20
686,57H166
687,50H213
688,57H459
689,52H936
690,57HA23
691,57H990
692,52HL14
693,530100
694,57HC57
695,57H767
696,58H872
697,52HG78
698,57HD54
699,57GABT
700,58H227
701,50H333
702,52HL61
703,52HE46
704,74401777
705,52H654
706,58H819
707,52HM18
708,57HG97
709,50H470
710,55G860
711,52HH07
712,73501BBC
713,57H348
714,52HG18
715,57H283
716,52HG40
717,57H849
718,57HF58
719,52HH99
720,52HG87
721,50H401
722,58H501
723,52HE29
724,52H755
725,57H689
726,52HL30
727,57H160
728,1055521A
729,58H416
730,57HB98
731,58H457
732,57HH03
733,58HB56
734,58HB92
735,58H463
736,52HH02
737,58H596
738,55G913
739,52HA34
740,57H976
741,55G879
742,57HB63
743,52H049
744,58H502
745,58H863
746,57HC26
747,57HC87
748,58GW22
749,57H683
750,57HG09
751,50H321
752,57GAQC
753,58H409
754,52HJ66
755,57GAQP
756,52HE71
757,50H350
758,52H124
759,57HH04
760,57H288
761,52HK17
762,57HG77
763,57HC64
764,52HH29
765,57HE93
766,57HC27
767,57H941
768,57HC05
769,75701BA7
770,57GAQM
771,58H584
772,58H820
773,57GAAW
774,58HC97
775,58HC49
776,50H296
777,57HA53
778,52HA54
779,57HJ50
780,52HH60
781,57HB95
782,58HC35
783,50H214
784,52HJ44
785,58H414
786,52GR91
787,55G933
788,57HD44
789,58H405
790,58HA11
791,57H490
792,50H273
793,57H883
794,58H772
795,419270
796,57HC47
797,57HB86
798,52HG81
799,52H960
800,50H462
801,52HE45
802,58H354
803,52HK73
804,58H556
805,52HE39
806,52HE50
807,52H085
808,760001
809,58H682
810,52HL29
811,52HG15
812,57HA97
813,58H580
814,58HA35
815,58HC13
816,57H940
817,58H469
818,429760
819,52HE56
820,57HF51
821,57HB14
822,58H940
823,57HJ96
824,50H309
825,57H183
826,57HH39
827,57H280
828,57H419
829,50H300
830,58HB81
831,57HC50
832,50H215
833,58HB71
834,57GARD
835,57H236
836,57HA83
837,58H590
838,57HJ45
839,52HB07
840,75801BB4
841,57HC72
842,58H909
843,58H422
844,52H819
845,57HF56
846,57H686
847,57HK29
848,58H999
849,57H924
850,57HE52
851,52HH81
852,57H210
853,432840
854,57HC06
855,57H217
856,52HD77
857,50H436
858,50H370
859,52HH66
860,52HJ95
861,57HC56
862,57HF17
863,52HB44
864,57GADY
865,58H132
866,57HJ80
867,57GASD
868,57HH66
869,52HE31
870,57H624
871,52H832
872,57HE79
873,57HK22
874,52HG93
875,58H724
876,50H282
877,429980
878,58HA93
879,57H186
880,58HA00
881,57HF47
882,57H732
883,57H733
884,58HB65
885,57HE60
886,58H856
887,57H962
888,52HE41
889,57H975
890,57H706
891,57GATL
892,57HE16
893,57HG52
894,58HC40
895,57HJ44
896,57HF03
897,57H765
898,58HC50
899,50H297
900,57GAQT
901,52HH37
902,570077
903,57HD22
904,50H440
905,50H464
906,57GASQ
907,57H527
908,57H687
909,58HB59
910,58H547
911,52HH62
912,58H786
913,57H174
914,50H212
915,57HH89
916,57HF97
917,52HL67
918,57HC30
919,57H282
920,57HE12
921,52H954
922,52HE85
923,58HB29
924,58H572
925,57H206
926,52HK55
927,52HE14
928,52HJ85
929,57HD41
930,52HA15
931,74701B8A
932,52H778
933,50H242
934,52H963
935,50H228
936,58HB11
937,58HB42
938,57H750
939,52HA58
940,58HA04
941,57HE77
942,58H413
943,57HE44
944,57HF23
945,57GATY
946,52H825
947,405640
948,58H763
949,50H392
950,52HC59
951,52HA57
952,57H822
953,58H505
954,57H891
955,58H829
956,58HC10
957,50H217
958,58H564
959,52HD52
960,57H748
961,52HD07
962,58H825
963,58H588
964,58H669
965,52HJ25
966,57HB01
967,57H933
968,58HC42
969,57HB21
970,57HF72
971,58H903
972,58H455
973,57H520
974,50H311
975,57GARH
976,57HB94
977,52HL49
978,57HD62
979,52HB99
980,57HH12
981,52HH43
982,52H961
983,58H586
984,58HA57
985,57HB81
986,52HF95
987,57HA13
988,52HB18
989,52HK04
990,362320
991,52HC52
992,52H704
993,57GARM
994,57H808
995,57HB16
996,52HK95
997,57H257
998,52HJ45
999,58HA52
1000,57H427
1001,52HC84
1002,50H476
1003,52H016
1004,50H219
1005,58HA38
1006,57HJ09
1007,52HM28
1008,58H471
1009,50H413
1010,57H606
1011,58H544
1012,57HJ33
1013,50H298
1014,58H513
1015,57GASW
1016,57HH73
1017,57HC19
1018,57HE26
1019,58HA18
1020,52HC79
1021,52GR18
1022,57H415
1023,52HF44
1024,52GP60
1025,57H584
1026,57HC65
1027,57HK24
1028,58H859
1029,52HC48
1030,52H685
1031,57H220
1032,58H861
1033,58H393
1034,52HA18
1035,58HA58
1036,52HG06
1037,52HG60
1038,0673921C
1039,58H784
1040,58H840
1041,52HD04
1042,58H783
1043,52HL60
1044,52H702
1045,58HA30
1046,57H620
1047,52HF39
1048,58H643
1049,57H293
1050,52HB59
1051,50H225
1052,57H823
1053,57HF89
1054,52H661
1055,58HC39
1056,57HK05
1057,57HC52
1058,57HB71
1059,57HB80
1060,57HF80
1061,52HC58
1062,52HD15
1063,57HB47
1064,52H756
1065,57HD96
1066,52HD38
1067,57H622
1068,57H911
1069,74201BAA
1070,70102B96
1071,57H986
1072,52HC17
1073,57H764
1074,57HB93
1075,58H161
1076,57H896
1077,52HD94
1078,52HG83
1079,52HF64
1080,52HG39
1081,57H994
1082,52HA06
1083,57HB77
1084,50H355
1085,57H361
1086,58HA74
1087,57H312
1088,52HA39
1089,57HF50
1090,58H526
1091,57H004
1092,57HB53
1093,57HA26
1094,57H779
1095,57HG85
1096,52HG46
1097,58H654
1098,580034
1099,52HJ56
1100,55G871
1101,58H622
1102,52HG31
1103,57HC10
1104,57H443
1105,57HG26
1106,71902B9B
1107,52HB43
1108,52HA73
1109,57HG96
1110,58H698
1111,57HF35
1112,52HE80
1113,58H430
1114,57GAVH
1115,52HJ19
1116,57HF83
1117,57HE39
1118,58H390
1119,57H789
1120,58H677
1121,58H689
1122,52HD71
1123,57H227
1124,70101B96
1125,58H620
1126,52HD61
1127,52H969
1128,57HD48
1129,57HB05
1130,57H619
1131,50H307
1132,52HG57
1133,57HJ21
1134,58HB28
1135,58H949
1136,52H713
1137,52HC65
1138,57HK08
1139,57HG75
1140,57H313
1141,50H475
1142,57HB46
1143,57HE81
1144,52HK20
1145,57HJ98
1146,58H739
1147,406760
1148,57HB30
1149,52HG59
1150,57HD47
1151,52HG88
1152,57HF73
1153,52HJ28
1154,57H030
1155,58H705
1156,57HE54
1157,57H371
1158,52HK81
1159,57HJ26
1160,50H279
1161,57HB67
1162,58H874
1163,58H902
1164,57H450
1165,57H875
1166,52H846
1167,58H641
1168,50H438
1169,52HC96
1170,57H191
1171,57HJ74
1172,57HC73
1173,52HL09
1174,52HC68
1175,52HD20
1176,50H243
1177,58HB72
1178,52HD63
1179,52HM25
1180,58H521
1181,413600
1182,50H234
1183,52H724
1184,52HB65
1185,50H361
1186,57H812
1187,52HG58
1188,57H685
1189,58H516
1190,52HH14
1191,58H228
1192,71902B96
1193,58H862
1194,57H267
1195,52HL62
1196,50H210
1197,58H891
1198,57HH57
1199,52H739
1200,57H928
1201,58H873
1202,57HC09
1203,50H415
1204,417630
1205,58H714
1206,57HE75
1207,57HJ72
1208,52HH13
1209,58HB96
1210,57HD72
1211,57GARW
1212,58H231
1213,429870
1214,52HL22
1215,58H337
1216,58HB52
1217,58H619
1218,57H489
1219,57H353
1220,57HD25
1221,58H846
1222,52HG25
1223,50H287
1224,52HA36
1225,57H390
1226,52H997
1227,57HD73
1228,52HL38
1229,57GZ14
1230,57H229
1231,57HK27
1232,50H328
1233,58H425
1234,52HD21
1235,580035
1236,57HA39
1237,52HG13
1238,57HK31
1239,57HG59
1240,52HE90
1241,58H970
1242,57HG87
1243,57HC04
1244,52HK36
1245,50H303
1246,58HA79
1247,58H896
1248,57H201
1249,52H810
1250,50H226
1251,58GT04
1252,58H412
1253,58H937
1254,50H244
1255,58H953
1256,57HB61
1257,58H695
1258,50H397
1259,52HF99
1260,52HB70
1261,57HG23
1262,58H561
1263,50H461
1264,72801BBC
1265,57H921
1266,52HG35
1267,57H972
1268,58H736
1269,57HB75
1270,57HJ67
1271,57H914
1272,52H005
1273,57HB92
1274,57H858
1275,52HA98
1276,58H621
1277,52HC34
1278,52HF35
1279,429000
1280,57HH38
1281,52HH22
1282,52GS18
1283,52HD44
1284,58HA43
1285,00004217
1286,58HC08
1287,0048721A
1288,50H280
1289,58H589
1290,52HD58
1291,57GARJ
1292,52HC77
1293,58HB33
1294,52HJ29
1295,58H549
1296,58HC89
1297,52HK33
1298,57H209
1299,52HL55
1300,50H294
1301,57HG00
1302,52GR50
1303,57H726
1304,58HC71
1305,57HF85
1306,52H105
1307,57HE55
1308,58HB38
1309,52H983
1310,50H246
1311,57HB08
1312,52HA01
1313,57GADS
1314,52HK61
1315,57HJ76
1316,57GAFE
1317,58HC44
1318,57H365
1319,58GW07
1320,57GATC
1321,57GY18
1322,50H201
1323,52HJ84
1324,52HC66
1325,58HB93
1326,58H876
1327,50H318
1328,57H159
1329,57HH45
1330,58H532
1331,58H694
1332,52HB53
1333,52H044
1334,52HC97
1335,52HA97
1336,57HG58
1337,57H319
1338,57H085
1339,52HH97
1340,58H954
1341,52HD56
1342,57H693
1343,57HD19
1344,57HH35
1345,57HG72
1346,57H787
1347,52HK86
1348,58GT01
1349,57HG30
1350,55G890
1351,58HA41
1352,58HB54
1353,58H357
1354,57H277
1355,52HK87
1356,52HG75
1357,353590
1358,58H410
1359,52HE49
1360,57H496
1361,52HH25
1362,50H391
1363,57H977
1364,52H823
1365,58H461
1366,57HH01
1367,58HB63
1368,52HG82
1369,52HC83
1370,58H978
1371,58H573
1372,57GZ44
1373,52HD96
1374,52HJ72
1375,57HG17
1376,57H274
1377,57HJ79
1378,57GABZ
1379,57HD17
1380,58H983
1381,52H728
1382,52GS26
1383,57HJ46
1384,52H851
1385,57H878
1386,373220
1387,52HG45
1388,57H860
1389,52H083
1390,57HH58
1391,50H444
1392,58H175
1393,58H591
1394,58HB74
1395,57GARS
1396,52HG94
1397,57H722
1398,57HD70
1399,52H058
1400,57GART
1401,57GZ12
1402,58H129
1403,57H137
1404,52HJ16
1405,58H950
1406,57HG79
1407,58H595
1408,52HJ40
1409,58H510
1410,52HF22
1411,57GASV
1412,57H717
1413,52HC85
1414,58H730
1415,57H230
1416,58H359
1417,52HF56
1418,57H781
1419,58GT02
1420,58H771
1421,57HJ87
1422,58H810
1423,52HC43
1424,58HC29
1425,52HL79
1426,58HC46
1427,58H648
1428,57HF32
1429,57HE15
1430,57H855
1431,50H442
1432,418170
1433,52H682
1434,57HC53
1435,58HC33
1436,58H167
1437,52HJ50
1438,57HE78
1439,58H395
1440,50H417
1441,57H723
1442,429740
1443,50H408
1444,58HB17
1445,417310
1446,52HB34
1447,50H435
1448,57H951
1449,50H414
1450,52HD49
1451,57H700
1452,52HD34
1453,58H977
1454,58H364
1455,57HJ82
1456,57H800
1457,58HC02
1458,52HF32
1459,52HJ24
1460,52HG30
1461,52HB75
1462,52H029
1463,50H220
1464,52HB96
1465,57HK03
1466,57HJ07
1467,57H029
1468,58H722
1469,57HG24
1470,58HB97
1471,58HC59
1472,57H996
1473,52H006
1474,58HC77
1475,52HL43
1476,58H702
1477,58H375
1478,52HJ93
1479,52HG52
1480,58H692
1481,52HD11
1482,52HE16
1483,57H161
1484,57HE59
1485,57H873
1486,58H754
1487,52HE02
1488,57HG31
1489,57H971
1490,52HA27
1491,57GATN
1492,52HG02
1493,57HJ15
1494,52H008
1495,421320
1496,57HG27
1497,52HC09
1498,58H802
1499,57HC44
1500,52HM32
1501,52HF55
1502,52HJ86
1503,52HK62
1504,57HC21
1505,57HH18
1506,57HF00
1507,57HA38
1508,58GW25
1509,57HC03
1510,58GW16
1511,57HE33
1512,413630
1513,57H305
1514,57HD08
1515,58H852
1516,57HC79
1517,52H114
1518,52HB35
1519,57HC99
1520,57H193
1521,52H835
1522,57HG29
1523,57H508
1524,57HD89
1525,52H937
1526,58H932
1527,58H731
1528,57H801
1529,50H382
1530,50H441
1531,58GW14
1532,52HL36
1533,52H691
1534,52HG73
1535,52HJ09
1536,52HF96
1537,52HD26
1538,57HH76
1539,57HB85
1540,57HJ27
1541,52H981
1542,57HJ51
1543,58HC96
1544,52HE60
1545,57HH84
1546,57HF26
1547,57HD59
1548,57HE66
1549,58H172
1550,58HA06
1551,57HF02
1552,57HK13
1553,52HG63
1554,52H864
1555,52HK67
1556,57H813
1557,57H774
1558,52H032
1559,57HD82
1560,52HL73
1561,57H188
1562,73502BBC
1563,58H543
1564,52H692
1565,52HG66
1566,57HE80
1567,50H489
1568,57HG21
1569,57HE65
1570,58H626
1571,58H385
1572,58HA80
1573,52H802
1574,58HB80
1575,377330
1576,52HF97
1577,57H287
1578,52HJ46
1579,52HC02
1580,57HF01
1581,52H116
1582,57HB64
1583,50H430
1584,52HH05
1585,52HG44
1586,57H218
1587,57H699
1588,57H090
1589,58H941
1590,57GABS
1591,50H371
1592,57HJ73
1593,52HK76
1594,50H322
1595,52H941
1596,57HD99
1597,57HD49
1598,58H383
1599,58H644
1600,52HG11
1601,52H737
1602,57H819
1603,57H298
1604,57HD65
1605,52HM11
1606,72502BBC
1607,58H662
1608,52H996
1609,50H419
1610,57HA47
1611,57HH29
1612,52HA26
1613,52H081
1614,52HG61
1615,416090
1616,52HC27
1617,57H294
1618,57H786
1619,57H296
1620,429990
1621,52HF42
1622,58HC48
1623,58GS99
1624,57HF25
1625,52H683
1626,50H292
1627,52HF12
1628,370090
1629,50H363
1630,52HB64
1631,57HK25
1632,52HF15
1633,52HK23
1634,52HC39
1635,57HC94
1636,58HA90
1637,52HK91
1638,58H345
1639,58HA31
1640,58H735
1641,57HC97
1642,57HH74
1643,57HE09
1644,58HB89
1645,57H259
1646,57H194
1647,57HC45
1648,50H257
1649,57H852
1650,251120
1651,57HA99
1652,57H769
1653,500065
1654,57GAQF
1655,57HC96
1656,52HD37
1657,57H794
1658,58HB50
1659,58H402
1660,57HH98
1661,57H974
1662,58H233
1663,58HA71
1664,57GY35
1665,57H205
1666,52H968
1667,50H332
1668,58H381
1669,57H180
1670,396300
1671,57GAQK
1672,58H767
1673,57H966
1674,57H881
1675,58H879
1676,57HH81
1677,57HH92
1678,57HA76
1679,58HB41
1680,57HG36
1681,52HH64
1682,57HD80
1683,57H250
1684,57GATT
1685,57H771
1686,58HC64
1687,57H795
1688,52HF70
1689,57H720
1690,52GR26
1691,52HH41
1692,58H432
1693,58HC32
1694,57HF92
1695,58H178
1696,57HK02
1697,58H635
1698,57HD34
1699,57H264
1700,50H473
1701,58H180
1702,52HC57
1703,50H264
1704,50H499
1705,58HC93
1706,58HC92
1707,57H344
1708,50H356
1709,52H844
1710,52HA89
1711,57H255
1712,52H700
1713,58H831
1714,52HL97
1715,57HC67
1716,52HC81
1717,52HJ75
1718,58HA50
1719,700016
1720,57H798
1721,58GW20
1722,57H760
1723,58H768
1724,57HJ00
1725,58H845
1726,58H822
1727,146320
1728,58HB45
1729,58GW10
1730,550071
1731,52HC19
1732,58HB02
1733,52HA09
1734,52HH80
1735,57H181
1736,57H612
1737,52HF24
1738,52HL25
1739,57HC28
1740,58H959
1741,57HJ97
1742,52HB08
1743,57GACL
1744,58H606
1745,52HJ21
1746,57HH36
1747,58HC31
1748,57HE99
1749,52HK78
1750,137080
1751,57HD61
1752,52HH12
1753,57HH87
1754,57HE70
1755,52HH20
1756,57HJ65
1757,57HD69
1758,57H761
1759,50H261
1760,74401BAA
1761,57H586
1762,52H015
1763,50H330
1764,57H502
1765,52HM00
1766,52HA25
1767,52HC30
1768,50H327
1769,57GABG
1770,58H670
1771,58HC98
1772,52H026
1773,52HD50
1774,55G884
1775,57H433
1776,58H869
1777,58GW04
1778,366030
1779,52HJ96
1780,52HE57
1781,426330
1782,57H609
1783,50H458
1784,57H846
1785,57HC08
1786,50H357
1787,57H982
1788,57HD31
1789,52H018
1790,50H385
1791,52HC38
1792,52HC40
1793,52H699
1794,57HD50
1795,55G866
1796,57HA93
1797,52HE68
1798,429010
1799,52HK00
1800,52H710
1801,58H568
1802,57H334
1803,52HM13
1804,58H341
1805,58HC45
1806,52HG53
1807,57H162
1808,57HH82
1809,58H614
1810,52HF27
1811,57HG95
1812,57HG61
1813,74703B96
1814,52HH92
1815,58H399
1816,50H457
1817,52HK51
1818,52HF21
1819,57H164
1820,58H627
1821,58H579
1822,52HD14
1823,52HE30
1824,52HC94
1825,52H126
1826,57HK11
1827,57H810
1828,57HB00
1829,72801BB4
1830,52HH49
1831,52HJ81
1832,58H398
1833,50H472
1834,57H777
1835,57H317
1836,52HH70
1837,52HG99
1838,52H957
1839,52HB10
1840,57H084
1841,57HG57
1842,58H656
1843,57HJ38
1844,57HE46
1845,52HH04
1846,52HK56
1847,50H290
1848,57HJ63
1849,52HK35
1850,52H990
1851,57HG51
1852,57HK00
1853,52HF78
1854,58HB23
1855,52HF41
1856,57H177
1857,57HJ99
1858,72802BBC
1859,57H171
1860,55G885
1861,55G877
1862,57GAQS
1863,58H468
1864,57HE69
1865,57H871
1866,52HA60
1867,50H248
1868,52HB55
1869,58GQ42
1870,57H214
1871,57H028
1872,57HC77
1873,58H951
1874,57H589
1875,50H341
1876,57HG11
1877,57H799
1878,58HC79
1879,58H890
1880,52HE66
1881,57H054
1882,52HF11
1883,71902B92
1884,58H166
1885,57HG25
1886,52HK19
1887,58H922
1888,52HG55
1889,57HJ81
1890,50H352
1891,57H780
1892,52HL17
1893,58H883
1894,57HD60
1895,57H237
1896,57HG68
1897,57HA55
1898,57H253
1899,57H865
1900,70102786
1901,74203B98
1902,57HD26
1903,57HK17
1904,52HJ90
1905,52HA32
1906,58H427
1907,71207B98
1908,52GS07
1909,57HE48
1910,58H782
1911,52HD03
1912,58H813
1913,58H745
1914,57HE72
1915,57HE41
1916,57H688
1917,52GP27
1918,58H805
1919,57H412
1920,52GQ73
1921,57HJ08
1922,58H363
1923,57H302
1924,52H788
1925,52HK60
1926,50H448
1927,57HG63
1928,52H748
1929,52HJ26
1930,52HM20
1931,55G872
1932,610038
1933,52HH89
1934,57HH75
1935,58H690
1936,52HE92
1937,57H378
1938,52HE97
1939,70101B99
1940,57H079
1941,50H405
1942,57H467
1943,57HG43
1944,570079
1945,57H778
1946,52HL99
1947,57H337
1948,50H395
1949,71204B98
1950,57HF07
1951,52HL31
1952,52HD39
1953,57H290
1954,50H239
1955,50H422
1956,52HL47
1957,55G867
1958,52H045
1959,58H581
1960,58HC15
1961,57HJ41
1962,57HD10
1963,58H808
1964,52HE10
1965,50H237
1966,57HC66
1967,57HB32
1968,52HC69
1969,52HK66
1970,58GW27
1971,58HA51
1972,57H821
1973,07661219
1974,52HB27
1975,57H221
1976,57HF19
1977,52H932
1978,52HK58
1979,58HB15
1980,52HJ03
1981,58H535
1982,58GW09
1983,57H893
1984,57HE36
1985,58HA27
1986,52HF92
1987,52H033
1988,57H335
1989,52HG01
1990,52HD66
1991,57H791
1992,57HA12
1993,58H860
1994,52HC33
1995,52GS57
1996,57HE94
1997,57HF77
1998,58H500
1999,57HG44
2000,58H864
2001,52HE83
2002,58H943
2003,52HD09
2004,52HJ98
2005,50H286
2006,52H949
2007,58H881
2008,58H927
2009,57HC91
2010,57H011
2011,52H803
2012,58HB10
2013,57HD74
2014,57H197
2015,57H484
2016,58H757
2017,52HC11
2018,58H843
2019,52HH59
2020,57H618
2021,58HC52
2022,58H911
2023,58H450
2024,57HH16
2025,58H758
2026,52HC37
2027,57H033
2028,58HA81
2029,57HF93
2030,52HF49
2031,52HK89
2032,57GARQ
2033,52HC05
2034,57H493
2035,74702776
2036,57H848
2037,52H154
2038,58H732
2039,52HE18
2040,52HH72
2041,58H609
2042,52HB09
2043,52HF62
2044,58H396
2045,57H995
2046,57H521
2047,52HK83
2048,57H807
2049,52HL10
2050,50H230
2051,57H757
2052,58H679
2053,57H879
2054,52HK14
2055,57HF79
2056,58H753
2057,58H353
2058,426030
2059,57H238
2060,57H806
2061,52HC63
2062,74701789
2063,52HF40
2064,57GARP
2065,52H694
2066,58H668
2067,58HB47
2068,57H321
2069,57H289
2070,57H195
2071,52HD17
2072,52HJ69
2073,52HE88
2074,52HH11
2075,57H714
2076,52HH26
2077,50H379
2078,57H167
2079,58H470
2080,58HA23
2081,50H204
2082,57H616
2083,57HB72
2084,57HK28
2085,57H838
2086,58HA76
2087,58H746
2088,419420
2089,52HE12
2090,52HL00
2091,57HG41
2092,57HC31
2093,57HB07
2094,58H139
2095,57H169
2096,57H276
2097,58HC84
2098,58H681
2099,52HJ92
2100,57HD20
2101,57H705
2102,57HH20
2103,00121218
2104,57GAQB
2105,57HF91
2106,52HL53
2107,57HC86
2108,73502BB4
2109,58HC68
2110,58GQ44
2111,57HC20
2112,52H009
2113,57H610
2114,52HL87
2115,58H537
2116,57H939
2117,58HC19
2118,57HG91
2119,52HG48
2120,52HC71
2121,58H866
2122,52HH34
2123,57H803
2124,57HF67
2125,58H661
2126,414270
2127,52HE77
2128,52HG21
2129,52H764
2130,52HJ37
2131,58HC90
2132,57HG78
2133,52HG79
2134,52HC06
2135,52HE58
2136,58H923
2137,58HC80
2138,50H209
2139,58H652
2140,58H374
2141,58H725
2142,52HC42
2143,52HM29
2144,58HC94
2145,57HC01
2146,58HA55
2147,57HB12
2148,58H577
2149,57H759
2150,57HD79
2151,58H709
2152,52HF72
2153,58HB79
2154,57H614
2155,52HC14
2156,52HL48
2157,52H750
2158,58H733
2159,57HG80
2160,57HD04
2161,52HH71
2162,58HB20
2163,57H698
2164,52HG62
2165,52HG14
2166,50H493
2167,58H173
2168,52HD45
2169,58HA32
2170,58H917
2171,52HH53
2172,52HG85
2173,50H329
2174,58H988
2175,58H931
2176,57HJ86
2177,57H462
2178,57HB13
2179,57HJ20
2180,52H833
2181,52HJ89
2182,52HL72
2183,58H967
2184,57HC02
2185,57HH96
2186,610041
2187,52H667
2188,57H393
2189,52HJ97
2190,57HE04
2191,52HK70
2192,52H148
2193,57H203
2194,57GAHE
2195,52HG34
2196,57HF60
2197,52HA17
2198,50H245
2199,57HA60
2200,50H486
2201,57HA86
2202,570080
2203,57H172
2204,58H734
2205,52H678
2206,52HC18
2207,57HA65
2208,57H715
2209,58H968
2210,50H423
2211,57GAST
2212,57HC48
2213,52H660
2214,57HG93
2215,57HE68
2216,58H230
2217,58H764
2218,58H976
2219,52HF10
2220,50H487
2221,52HF19
2222,57H231
2223,50H478
2224,57H307
2225,50H231
2226,52H057
2227,52HE53
2228,58H651
2229,58H411
2230,57HD18
2231,52HB38
2232,57H109
2233,58HB70
2234,58H908
2235,72501BB4
2236,58H338
2237,57HE85
2238,50H479
2239,52HA53
2240,52HJ61
2241,58H539
2242,52HD00
2243,52H838
2244,57HE74
2245,610040
2246,57H273
2247,57HE86
2248,57HE45
2249,52HC82
2250,50H426
2251,58H593
2252,58H640
2253,58HB24
2254,57H590
2255,58HC54
2256,52HC03
2257,50H424
2258,52H703
2259,52HF57
2260,58HC21
2261,57H785
2262,50H459
2263,57HE62
2264,57HE31
2265,57HA36
2266,52HC75
2267,57H782
2268,58H715
2269,52GR30
2270,58H838
2271,57H492
2272,57H755
2273,57HC98
2274,57GAGE
2275,52H979
2276,57H854
2277,52HJ12
2278,58H467
2279,57HA08
2280,52HA16
2281,52HB02
2282,57H301
2283,52H172
2284,52HG41
2285,57H926
2286,57HE76
2287,58HB60
2288,57H866
2289,57HG64
2290,58H653
2291,57GASH
2292,52GR09
2293,57H903
2294,58H897
2295,50H313
2296,57GAVC
2297,57HC89
2298,58H570
2299,52HF25
2300,52HK63
2301,57HB09
2302,57H342
2303,52HJ36
2304,58HC12
2305,57HC90
2306,57H910
2307,57GARC
2308,52HC62
2309,57HG40
2310,57HC75
2311,71901B92
2312,52HK45
2313,52GS04
2314,50H443
2315,57HC22
2316,52HK64
2317,57HA92
2318,52H738
2319,52H721
2320,58H408
2321,58HB01
2322,58HC57
2323,52HC01
2324,52HG20
2325,71206B98
2326,50H369
2327,52H973
2328,57HD12
2329,52HH54
2330,57HF28
2331,58HC70
2332,52GR17
2333,57GARR
2334,50H317
2335,57HF90
2336,58H769
2337,57H834
2338,58H418
2339,52GQ65
2340,57HA06
2341,58HB69
2342,57H240
2343,52HG26
2344,52H747
2345,58H145
2346,57HD38
2347,52H776
2348,424460
2349,50H218
2350,50H484
2351,57HD77
2352,57GARX
2353,52HG54
2354,58HB12
2355,58HC06
2356,57GAGM
2357,57H708
2358,58H541
2359,57H825
2360,57HE64
2361,57HG70
2362,58H437
2363,52HG47
2364,57HC84
2365,52HL39
2366,412930
2367,52HA55
2368,52HJ27
2369,58H509
2370,388050
2371,58H462
2372,58H123
2373,57GAQL
2374,58H347
2375,57H960
2376,71203B98
2377,57HF53
2378,57H889
2379,58HB57
2380,57HG14
2381,57HJ92
2382,58H834
2383,57HC59
2384,57HH67
2385,58H659
2386,52HH46
2387,52HF98
2388,57HG16
2389,58HA48
2390,500064
2391,52HK31
2392,57HB06
2393,57GAAE
2394,52HL74
2395,58HB26
2396,52HG56
2397,58H778
2398,58HA24
2399,57H204
2400,52HH19
2401,52HL11
2402,52HF37
2403,58GT05
2404,57HB04
2405,52HL63
2406,52GQ52
2407,57HD02
2408,50H259
2409,57HF54
2410,50H488
2411,52HH36
2412,57H583
2413,57GARA
2414,57HB88
2415,52H962
2416,52HJ05
2417,57HE08
2418,57H897
2419,57H768
2420,57HJ14
2421,57HE23
2422,58HA40
2423,58HB99
2424,58HA85
2425,58HA75
2426,52HC93
2427,52HC20
2428,57HH25
2429,58H710
2430,52HF06
2431,57HC41
2432,57HD16
2433,52HC47
2434,52GR08
2435,57GASE
2436,57H270
2437,57H850
2438,52HE06
2439,52HL28
2440,57H869
2441,52HD10
2442,57HK12
2443,52HK98
2444,52HK75
2445,52HG03
2446,57HD42
2447,58H995
2448,52HK06
2449,57HH55
2450,52HM02
2451,57HA48
2452,52H701
2453,58H447
2454,52HJ99
2455,52H725
2456,57HH21
2457,52HD19
2458,50H258
2459,52HD70
2460,57HA89
2461,52HD22
2462,52H858
2463,58HC11
2464,57HE95
2465,50H275
2466,58HC30
2467,50H267
2468,58H372
2469,52HL89
2470,58HB46
2471,52H722
2472,58H973
2473,58H683
2474,52HA12
2475,57H607
2476,58H930
2477,52H938
2478,50H216
2479,52HF46
2480,57HH44
2481,52HL78
2482,57HH71
2483,50H223
2484,58H607
2485,57HG94
2486,57HH60
2487,52HF23
2488,52HD74
2489,52HL93
2490,57H325
2491,52HF69
2492,58HC65
2493,57HB28
2494,58HB64
2495,57H383
2496,52HE81
2497,58HB39
2498,58H765
2499,58GW02
2500,52HF14
2501,50H383
2502,52HK49
2503,57HC82
2504,57HB36
2505,52HC64
2506,52HF71
2507,57HD03
2508,57HD92
2509,57HE24
2510,50H471
2511,52H754
2512,58H675
2513,52HG72
2514,57HD06
2515,58H760
2516,52HK32
2517,415340
2518,58HA82
2519,52HH01
2520,57GAQZ
2521,0003021C
2522,57H417
2523,52HM01
2524,57HG08
2525,58H906
2526,57HB22
2527,57H491
2528,58H703
2529,57H336
2530,57HB31
2531,52HH30
2532,57HC00
2533,50H336
2534,58HB34
2535,58H638
2536,58HA13
2537,52HK26
2538,57HF44
2539,57HJ37
2540,52HJ70
2541,52HL15
2542,52HH74
2543,52H749
2544,57HG05
2545,50H402
2546,00306217
2547,52HJ00
2548,58H598
2549,52HH21
2550,57H303
2551,57GAAZ
2552,57H314
2553,58HD00
2554,57H530
2555,57HF36
2556,50H427
2557,58H809
2558,57HF95
2559,58H612
2560,57HJ19
2561,58H380
2562,57HD13
2563,57HH61
2564,419170
2565,50H433
2566,58HA33
2567,0543021A
2568,57HE57
2569,58H688
2570,58H956
2571,57H222
2572,57H845
2573,52HE64
2574,70102BA2
2575,58H857
2576,52HC78
2577,57HC37
2578,58H691
2579,52HM04
2580,50H203
2581,57H207
2582,58HB36
2583,52HK41
2584,58H545
2585,58H752
2586,57GAEF
2587,52HK99
2588,52HK59
2589,57HB26
2590,55G865
2591,0234421A
2592,57HC36
2593,418660
2594,58H629
2595,50H288
2596,57HF20
2597,50H344
2598,58H448
2599,58H939
2600,50H460
2601,57HG22
2602,58H827
2603,57GARL
2604,52H706
2605,57HC33
2606,50H372
2607,52HG29
2608,52H723
2609,52HH47
2610,52HK53
2611,58HA97
2612,58H351
2613,52HL58
2614,58H865
2615,57H690
2616,57GARF
2617,52HL64
2618,2901221A
2619,57H713
2620,57GATR
2621,58H507
2622,74701776
2623,57HE22
2624,57HE97
2625,50H467
2626,58H392
2627,57H300
2628,57H908
2629,57HD64
2630,52HL95
2631,57HJ34
2632,57HD24
2633,58GW26
2634,58HC01
2635,7420177B
2636,52HB33
2637,57HE32
2638,58HA46
2639,58H587
2640,50H463
2641,57H918
2642,57HB89
2643,58H761
2644,52HA56
2645,57H827
2646,52HC45
2647,52HL03
2648,57GABN
2649,58HB16
2650,57H430
2651,52HL56
2652,58H373
2653,58H633
2654,58H795
2655,52HL76
2656,57HH11
2657,58H823
2658,57HC42
2659,58H693
2660,52HJ02
2661,58H511
2662,52H970
2663,58GW19
2664,58HB84
2665,52HG05
2666,58HA37
2667,405350
2668,58H428
2669,52HH38
2670,57HH08
2671,52HK22
2672,58H895
2673,52H072
2674,52HK79
2675,58H517
2676,58H673
2677,55G878
2678,57H734
2679,58H435
2680,57GATA
2681,57H292
2682,57H291
2683,70101786
2684,57H246
2685,58H655
2686,58H979
2687,57HB29
2688,52HK21
2689,58H127
2690,52HG42
2691,52HE75
2692,52HG28
2693,58HC00
2694,70103B96
2695,52HC92
2696,500066
2697,50H494
2698,52HE28
2699,57HH62
2700,57H091
2701,52HJ18
2702,58H578
2703,57HG84
2704,57H408
2705,57GAQX
2706,57H478
2707,52HE15
2708,58H919
2709,57H943
2710,58H234
2711,57HG38
2712,52HD01
2713,58HC51
2714,52HL86
2715,58H664
2716,58H982
2717,75901BB7
2718,57HA27
2719,71901B9B
2720,57HE27
2721,57HC95
2722,58H344
2723,417450
2724,52HJ14
2725,57HC15
2726,58HA66
2727,57HK14
2728,52HM19
2729,52HK88
2730,57H505
2731,58H605
2732,57HH23
2733,58H933
2734,57HD39
2735,57HF05
2736,50H492
2737,57H868
2738,52HM08
2739,57HH70
2740,57H354
2741,57HG06
2742,57HG83
2743,71902BBC
2744,580036
2745,58HC87
2746,52HK92
2747,52HH73
2748,52HJ47
2749,52HM15
2750,52H160
2751,57HC70
2752,57H856
2753,52HH42
2754,74202BAA
2755,57H804
2756,57HD28
2757,57HA72
2758,57GASZ
2759,52HM06
2760,55G859
2761,52HH90
2762,52HJ01
2763,58HB09
2764,58H899
2765,57HC24
2766,57H923
2767,57HD58
2768,52HB11
2769,52HM31
2770,52HK15
2771,58H685
2772,57HG60
2773,57HE63
2774,52HE08
2775,57HF88
2776,57HJ12
2777,57HJ06
2778,57H457
2779,52HG64
2780,52HL23
2781,55G920
2782,58H842
2783,52HB12
2784,58H394
2785,52H998
2786,57HG03
2787,58HC18
2788,52HL85
2789,57HC43
2790,57HB25
2791,52HF65
2792,57HF70
2793,58GW21
2794,52HB78
2795,52HA85
2796,57HH26
2797,423170
2798,57H526
2799,58HB68
2800,52H657
2801,52HG24
2802,52HK43
2803,57HB23
2804,58H801
2805,58H969
2806,52HK42
2807,57H604
2808,58H407
2809,58H560
2810,57GAVF
2811,57HA91
2812,52H732
2813,57GATX
2814,57HE30
2815,52HC91
2816,57HJ75
2817,52HJ04
2818,58HB87
2819,52HE76
2820,57H950
2821,52HE43
2822,52HD86
2823,58H680
2824,52HL40
2825,58HA07
2826,57HC85
2827,57H219
2828,58H585
2829,55G889
2830,371950
2831,52HK01
2832,58HC66
2833,58H934
2834,52H814
2835,57HJ35
2836,57HB40
2837,57HJ55
2838,58H226
2839,57HE21
2840,52HG92
2841,58H799
2842,52H847
2843,52H070
2844,50H263
2845,50H421
2846,52HB03
2847,52GR54
2848,57HD94
2849,57HJ56
2850,57HB78
2851,58H678
2852,414780
2853,58GW12
2854,58H179
2855,52HB49
2856,58GQ43
2857,52HJ82
2858,52HK57
2859,06679217
2860,57H969
2861,57HG92
2862,57HE91
2863,52H693
2864,52HF04
2865,70101781
2866,52HA61
2867,50H207
2868,52HF29
2869,58HB82
2870,58H389
2871,72502BB4
2872,57H736
2873,58H964
2874,57GASJ
2875,57HB03
2876,52HA07
2877,52HA90
2878,57GAVE
2879,50H284
2880,57HH97
2881,57HE38
2882,57H859
2883,57HH19
2884,58H747
2885,52HD57
2886,57GAAV
2887,57GATH
2888,75802BBC
2889,52HF36
2890,57HG90
2891,57HH50
2892,52HA96
2893,57HG86
2894,58H806
2895,52HF50
2896,74204B98
2897,58HA60
2898,52HA23
2899,57HF81
2900,57GASX
2901,74702786
2902,58H594
2903,50H381
2904,58H604
2905,52HL82
2906,57HF42
2907,58H156
2908,57HF86
2909,52HG12
2910,50H449
2911,57HD37
2912,50H400
2913,58HB04
2914,57H476
2915,52HC70
2916,102370
2917,57HA14
2918,52HA19
2919,52HF02
2920,52HL96
2921,58H708
2922,57H930
2923,57HB90
2924,52HF07
2925,58H952
2926,74401773
2927,58H650
2928,58H997
2929,52HA47
2930,58H600
2931,58H762
2932,58H700
2933,50H262
2934,57H200
2935,58H815
2936,57HF09
2937,57H695
2938,58H446
2939,58H599
2940,52HG68
2941,57HE89
2942,422420
2943,57HH54
2944,58HB14
2945,58H603
2946,52HL66
2947,50H291
2948,57HD40
2949,50H323
2950,57HB97
2951,58H910
2952,52H946
2953,57H811
2954,58GW15
2955,423160
2956,58HA05
2957,52HL02
2958,52HC35
2959,57HH72
2960,50H301
2961,58HB58
2962,57H295
2963,58H835
2964,58H833
2965,52HM26
2966,57H352
2967,58H403
2968,57H721
2969,57HG62
2970,57H745
2971,57HF59
2972,58HA91
2973,57HG28
2974,432850
2975,58HB75
2976,52HF81
2977,58HB37
2978,57HE56
2979,52HC98
2980,389140
2981,52HD83
2982,57HB43
2983,52H113
2984,58HC67
2985,58H998
2986,58H153
2987,52H712
2988,57HB60
2989,52HE52
2990,52HE35
2991,57H752
2992,52H652
2993,510021
2994,52H792
2995,57H742
2996,52HL19
2997,52HD93
2998,57HF84
2999,57HC12
3000,52HH98
3001,58H631
3002,57H772
3003,52HE74
3004,57HG39
3005,57HA20
3006,58H565
3007,57GAQG
3008,57HA00
3009,57H439
3010,58GW18
3011,57H828
3012,50H425
3013,58HB90
3014,57HE29
3015,58H459
3016,52GR39
3017,58H637
3018,58H818
3019,52H669
3020,52H656
3021,57H309
3022,58H832
3023,57HB58
3024,57H340
3025,58H848
3026,58HC07
3027,50H302
3028,58H426
3029,57HH86
3030,58H663
3031,57HH07
3032,57H175
3033,52H094
3034,57H796
3035,57HA61
3036,57H005
3037,57HC68
3038,57HD45
3039,57H701
3040,52HG19
3041,57HK20
3042,52HH78
3043,57H853
3044,58H718
3045,52HK96
3046,57H709
3047,52H681
3048,52HH63
3049,58HB85
3050,57HF66
3051,52HF83
3052,50H241
3053,57HF22
3054,58H454
3055,57H904
3056,52HD89
3057,58H449
3058,52HF38
3059,58H370
3060,52HK77
3061,50H205
3062,57HJ25
3063,58H854
3064,52HC28
3065,58HC91
3066,52HJ35
3067,52HD40
3068,52HH85
3069,57HC38
3070,57HA98
3071,58H947
3072,58GW31
3073,57HJ70
3074,52HD99
3075,52HJ20
3076,52HE99
3077,57H839
3078,57HD68
3079,57HE87
3080,57H249
3081,57H163
3082,52HD90
3083,57H070
3084,08280218
3085,57GAKK
3086,57H727
3087,57HC39
3088,57HH78
3089,57HG33
3090,57HE34
3091,58HB61
3092,57HJ59
3093,57GAHL
3094,57HE19
3095,58H894
3096,57H681
3097,52HA82
3098,58H996
3099,52HE24
3100,52HK94
3101,58H905
3102,52HC08
3103,52HG90
3104,52HF47
3105,58H130
3106,58H558
3107,57GAQJ
3108,52HL05
3109,57HF78
3110,57H820
3111,58H386
3112,50H483
3113,52H964
3114,52HE37
3115,52HF01
3116,57H395
3117,52HA77
3118,57H310
3119,52HD62
3120,57HG67
3121,52HD53
3122,52HF59
3123,57HA68
3124,58H847
3125,57H072
3126,57HF75
3127,419430
3128,58H717
3129,57HJ58
3130,57HF52
3131,58H821
3132,58H583
3133,52HF33
3134,50H299
3135,52HF87
3136,58H980
3137,57HJ85
3138,57HE71
3139,58HB27
3140,52HK18
3141,52H982
3142,52HA38
3143,58H828
3144,58H465
3145,57HH79
3146,58H836
3147,57HC40
3148,52H784
3149,57HH80
3150,52HH79
3151,52HH52
3152,50H221
3153,58H741
3154,52H655
3155,52HJ34
3156,57H711
3157,58H790
3158,58HC20
3159,52HE82
3160,58H729
3161,52H705
3162,58H665
3163,57HJ29
3164,57H743
3165,57HA17
3166,57HH30
3167,57HC49
3168,57H165
3169,58HA54
3170,58H147
3171,52HJ32
3172,58H155
3173,57HG81
3174,58H458
3175,58H239
3176,50H447
3177,52HE00
3178,57H232
3179,57HE00
3180,57HJ89
3181,57HG53
3182,57H599
3183,57H682
3184,52HH31
3185,57HG56
3186,57H762
3187,57HD09
3188,58H617
3189,50H416
3190,57HA85
3191,57HB62
3192,58H360
3193,57HC51
3194,57HA88
3195,58H781
3196,57HE90
3197,52HD81
3198,58H867
3199,57HJ31
3200,57HB19
3201,57H770
3202,57H470
3203,58H985
3204,52HG65
3205,57HB52
3206,57HB44
3207,57HD87
3208,57HJ54
3209,58H343
3210,58HB00
3211,52HH57
3212,57GABW
3213,52HG95
3214,52HD43
3215,57H792
3216,57H179
3217,57H880
3218,57H235
3219,58HB22
3220,50H360
3221,58H169
3222,57HJ69
3223,57HH42
3224,57H498
3225,58HA08
3226,57HG69
3227,57H226
3228,52HA48
3229,52HF58
3230,52HL21
3231,58H711
3232,57H278
3233,52HD91
3234,52HA59
3235,58GS98
3236,58H244
3237,58GW00
3238,52GR66
3239,57HK19
3240,57GV30
3241,58H851
3242,57HD75
3243,57HF48
3244,58H563
3245,58H780
3246,58H361
3247,57HC32
3248,52HG27
3249,58H419
3250,52HE95
3251,57HB74
3252,58H232
3253,52HG86
3254,52H774
3255,58H880
3256,58HA88
3257,57HC92
3258,57HA43
3259,57H176
3260,52HH76
3261,57GARG
3262,52HC44
3263,58HA39
3264,58H540
3265,57HD81
3266,52HE36
3267,58H530
3268,57H955
3269,52HC25
3270,57H741
3271,57GX92
3272,57GATK
3273,52H977
3274,57GARB
3275,57HB99
3276,57HJ11
3277,58H792
3278,430500
3279,58H981
3280,57H592
3281,57HJ02
3282,57HG82
3283,58H645
3284,50H495
3285,57HJ95
3286,52H731
3287,52HD88
3288,58H893
3289,52HF84
3290,52HE01
3291,57HF76
3292,58HB19
3293,52HD28
3294,52H695
3295,57GATG
3296,57HB37
3297,58H444
3298,57H833
3299,52H818
3300,52H645
3301,52HH69
3302,52HC32
3303,52HK46
3304,52HK65
3305,57HH94
3306,57H749
3307,52HL24
3308,58HA36
3309,58H785
3310,57HH83
3311,52HF67
3312,52HH15
3313,52HK72
3314,52HC00
3315,330730
3316,52H742
3317,58H615
3318,52HK71
3319,57H935
3320,52H967
3321,52HM12
3322,50H466
3323,57HF65
3324,58H368
3325,58H431
3326,520049
3327,52H951
3328,52HK38
3329,57GX87
3330,50H346
3331,52HK25
3332,58HC03
3333,58H719
3334,52HC50
3335,52HA44
3336,52H944
3337,58H649
3338,57HB69
3339,57HJ39
3340,52H662
3341,57HD85
3342,52HH45
3343,57H864
3344,75702B93
3345,52GR40
3346,58H716
3347,57H190
3348,57HC25
3349,52H025
3350,52GS32
3351,52GS19
3352,58H755
3353,57H882
3354,50H482
3355,52HF52
3356,57HD35
3357,58H926
3358,21433218
3359,52HC16
3360,52HM23
3361,50H469
3362,57HK30
3363,58H566
3364,73501BA2
3365,57HD90
3366,50H491
3367,58H916
3368,57HF21
3369,57HF87
3370,50H206
3371,52HE40
3372,58H601
3373,57H471
3374,57H942
3375,57H272
3376,52HA40
3377,57HA40
3378,57H927
3379,57H719
3380,57HA11
3381,57HB41
3382,57H712
3383,58HB62
3384,57HD56
3385,57HB68
3386,52HH88
3387,52HK30
3388,52HD55
3389,58HC69
3390,58HA28
3391,50H295
3392,52HJ31
3393,57HE49
3394,52HJ80
3395,52HD41
3396,57HC80
3397,58HA70
3398,52HL16
3399,75602BA2
3400,52HE48
3401,58HA26
3402,57H703
3403,52HA43
3404,57HG65
3405,52HJ51
3406,58H915
3407,52HB97
3408,57HD57
3409,52HD16
3410,58H506
3411,57H593
3412,52HL70
3413,58H611
3414,58H339
3415,57H900
3416,57H725
3417,57H241
3418,52HM24
3419,58H567
3420,52HE05
3421,52HF03
3422,50H410
3423,57H304
3424,50H338
3425,58H660
3426,52HL26
3427,52HL54
3428,50H354
3429,58H550
3430,57GARZ
3431,58H352
3432,52HH75
3433,57H829
3434,57H516
3435,58HC95
3436,58H534
3437,52HF94
3438,52HH65
3439,52HE17
3440,57HF68
3441,58HA61
3442,52HL75
3443,57GAFZ
3444,58H948
3445,52HA64
3446,52HK37
3447,52HE38
3448,57H597
3449,57HA52
3450,58H555
3451,52HD46
3452,52H034
3453,57H623
3454,57HD95
3455,57HH48
3456,57GASG
3457,58HA53
3458,52HF77
3459,52HL51
3460,52H806
3461,57H763
3462,58HC41
3463,58H723
3464,58H436
3465,58HB83
3466,52H945
3467,57HE84
3468,57HD78
3469,57HK09
3470,52HE78
3471,57HF43
3472,50H496
3473,57HJ42
3474,52HE87
3475,58H366
3476,58H466
3477,57H260
3478,57HD93
3479,57H886
3480,52HF26
3481,58HA84
3482,530099
3483,57HF10
3484,57HD83
3485,57HE67
3486,52HF73
3487,388720
3488,52HD68
3489,52HL35
3490,52HE03
3491,58H686
3492,57HA81
3493,57GATP
3494,50H250
3495,52HE47
3496,57HA09
3497,52HG17
3498,52HD25
3499,52HE89
3500,58H150
3501,57HE61
3502,52HJ77
3503,58HC17
3504,50H240
3505,52H082
3506,57H363
3507,57H747
3508,58HA42
3509,58HC82
3510,57H228
3511,57H716
3512,58H912
3513,50H485
3514,58H434
3515,52HF08
3516,52HF17
3517,50H254
3518,57H211
3519,58H811
3520,57HF33
3521,57HD01
3522,58H451
3523,52HB63
3524,57HJ90
3525,58H571
3526,58H871
3527,58H597
3528,52HF13
3529,52HG91
3530,57H196
3531,52HC29
3532,52HH06
3533,50H285
3534,58H657
3535,52HL13
3536,58HB98
3537,57HG20
3538,57HB39
3539,58HC61
3540,57HH47
3541,52HK69
3542,52HC99
3543,57H704
3544,57HF45
3545,58H958
3546,50H386
3547,52HJ33
3548,58H623
3549,52H125
3550,58H340
3551,58H744
3552,70101BB1
3553,52HC04
3554,52HE69
3555,50H455
3556,52HL65
3557,50H450
3558,57HE17
3559,58GQ45
3560,58GW29
3561,57HB54
3562,55G896
3563,58HB78
3564,58H504
3565,52HM17
3566,52HF54
3567,52H740
3568,52HG51
3569,58H965
3570,57HH90
3571,58H406
3572,52HJ65
3573,52HE94
3574,57H615
3575,415760
3576,52HH16
3577,52HC89
3578,57HF82
3579,57HC34
3580,52H753
3581,426410
3582,52HM22
3583,52HE91
3584,52HL46
3585,57H525
3586,57HF30
3587,50H236
3588,57H842
3589,58GW24
3590,419890
3591,58GW17
3592,50H331
3593,52HH24
3594,57HB83
3595,58H452
3596,52HH08
3597,52HB26
3598,52HB28
3599,57HF71
3600,58HA69
3601,57H059
3602,57H953
3603,52HH23
3604,57H832
3605,52HJ76
3606,50H351
3607,57H753
3608,58GT00
3609,50H451
3610,58HC28
3611,57HD21
3612,58H125
3613,57HG54
3614,57HJ64
3615,57H212
3616,58H674
3617,58HC73
3618,57H097
3619,58HC25
3620,57H234
3621,52HC55
3622,50H378
3623,58H914
3624,426150
3625,50H312
3626,57H281
3627,57HC13
3628,52H071
3629,50H366
3630,52HL06
3631,58H630
3632,52HF18
3633,52H779
3634,52HL12
3635,57GATV
3636,52HK90
3637,570070
3638,58H387
3639,58H524
3640,52HE11
3641,58HA01
3642,57GAEK
3643,57HD46
3644,52HJ73
3645,57H441
3646,50H365
3647,52HJ17
3648,52HF09
3649,58H456
3650,52HD06
3651,57H208
3652,52H862
3653,52HK80
3654,52HB92
3655,58H647
3656,52HB50
3657,57HC74
3658,57HB82
3659,52HL52
3660,58GW06
3661,57H251
3662,52HB76
3663,52HD72
3664,57HB33
3665,52HB45
3666,58GW03
3667,58HC83
3668,57HB87
3669,7420277B
3670,52HA83
3671,52HK09
3672,52HA28
3673,72501773
3674,52HB94
3675,72501BA2
3676,57HH09
3677,58HB13
3678,57HK06
3679,57HE47
3680,58HB30
3681,57H751
3682,57H245
3683,52HE55
3684,52GS41
3685,58H536
3686,57H758
3687,52HA52
3688,52HJ48
3689,57H320
3690,58H697
3691,58HB05
3692,58H508
3693,57HE83
3694,58HA78
3695,58HC62
3696,50H364
3697,58H519
3698,50H233
3699,57HJ17
3700,57GASL
3701,57H978
3702,57H500
3703,58H807
3704,57H594
3705,52HK34
3706,52HL44
3707,57GASP
3708,57H316
3709,57HF40
3710,58HB35
3711,52HC12
3712,57HD36
3713,57HH33
3714,52GR51
3715,57H983
3716,57HE51
3717,57H178
3718,57HA87
3719,52HF89
3720,57H991
3721,58H773
3722,52HB95
3723,57GATE
3724,58H520
3725,58H442
3726,50H474
3727,52HC60
3728,57HH15
3729,52HG70
3730,58GW23
3731,52HJ64
3732,52H095
3733,57H435
3734,58H420
3735,57H784
3736,50H232
3737,52HF16
3738,50H271
3739,52HL37
3740,52HD78
3741,52HE98
3742,57HB38
3743,57HH52
3744,52HL01
3745,50H208
3746,52HM05
3747,58H667
3748,74701B97
3749,57H355
3750,57HF24
3751,58H901
3752,57H268
3753,58H944
3754,57HJ71
3755,52GR28
3756,52HH83
3757,52HD12
3758,75801BBC
3759,57H724
3760,52HH35
3761,52H013
3762,57H788
3763,57H965
3764,58H738
3765,52HL59
3766,57HG76
3767,57HF12
3768,50H310
3769,57H837
3770,58HB03
3771,580037
3772,57HJ88
3773,55G943
3774,57H456
3775,58HC81
3776,52HE70
3777,57GATJ
3778,57HG07
3779,50H304
3780,57GAEG
3781,52HG36
3782,52HJ71
3783,58HC53
3784,52HA35
3785,57H809
3786,52HF66
3787,52HK48
3788,50H477
3789,57GT12
3790,52HA11
3791,50H432
3792,52HA95
3793,57HG12
3794,57HJ47
3795,58H177
3796,57HG01
3797,58HB86
3798,57HK07
3799,52HH82
3800,52HF82
3801,55G908
3802,52H763
3803,52H773
3804,57HH59
3805,58H569
3806,57HH49
3807,52HG71
3808,57H818
3809,57HD98
3810,58HA20
3811,52HH27
3812,52HA00
3813,52HJ43
3814,52HE20
3815,52HB19
3816,57HJ60
3817,72502773
3818,58HB94
3819,52HE54
3820,610039
3821,57HG66
3822,52H680
3823,52HK93
3824,52H943
3825,52HC80
3826,52H987
3827,58HB49
3828,50H283
3829,58HA29
3830,58H625
3831,52HF31
3832,57HD84
3833,550072
3834,52H758
3835,0437121A
3836,57HE43
3837,52HD97
3838,57HH17
3839,58HC58
3840,52HH50
3841,57H600
3842,52H709
3843,50H319
3844,50H446
3845,52HE44
3846,57H730
3847,58H800
3848,57HE42
3849,52HG98
3850,52HL32
3851,58H826
3852,57H783
3853,58H875
3854,57H185
3855,50H320
3856,52HA20
3857,58HC47
3858,52HD33
3859,57HC58
3860,57HG34
3861,52HJ58
3862,52HK03
3863,52HK85
3864,57HF94
3865,52HF74
3866,58H542
3867,52HD92
3868,52HM30
3869,57HD27
3870,52HH18
3871,50H407
3872,57HK26
3873,58H797
3874,52HA67
3875,50H256
3876,50H211
3877,52HE13
3878,52HG22
3879,389260
3880,57H373
3881,55G925
3882,50H326
3883,58H531
3884,58H439
3885,57H258
3886,52H711
3887,57H605
3888,52HH67
3889,58H798
3890,57H888
3891,52HL50
3892,50H324
3893,52HE63
3894,57GASM
3895,52HF45
3896,57HJ77
3897,58H401
3898,57H377
3899,57H684
3900,57HF55
3901,52H791
3902,52HB17
3903,57HA57
3904,57HG98
3905,58HC72
3906,52HC24
3907,57GASK
3908,57HJ24
3909,57H329
3910,52HE27
3911,52HK28
3912,57H437
3913,57HF57
3914,57HH28
3915,57HB02
3916,57HA29
3917,58HB76
3918,58HA44
3919,57HF99
3920,57HC78
3921,58H904
3922,57GATD
3923,382900
3924,50H454
3925,52HD23
3926,58HA22
3927,57HJ28
3928,432600
3929,52H950
3930,52HC87
3931,58HA62
3932,52H787
3933,57HH46
3934,57HF14
3935,72502BA2
3936,58H522
3937,0340221B
3938,52HE07
3939,58H918
3940,52HH94
3941,50H337
3942,57GARN
3943,57HH24
3944,52H752
3945,57HJ03
3946,58HA10
3947,57H898
3948,52HM09
3949,422260
3950,58H608
3951,52HE61
3952,57H963
3953,57H262
3954,57H989
3955,52H980
3956,52HK39
3957,57HH13
3958,57HH53
3959,52HA92
3960,57HK18
3961,57HJ16
3962,58H141
3963,52HC51
3964,58H814
3965,57GAVB
3966,57HB17
3967,58GW33
3968,57H988
3969,58H770
3970,57HA74
3971,57H776
3972,57HE11
3973,409570
3974,74401769
3975,58H149
3976,700015
3977,57H078
3978,52HD13
3979,52HH96
3980,58H376
3981,58H794
3982,57H182
3983,58H174
3984,58HC99
3985,58H388
3986,0673921B
3987,52HL91
3988,57GAES
3989,71901BB4
3990,50H334
3991,57H613
3992,52HL92
3993,57H746
3994,50H358
3995,50H428
3996,57HH27
3997,52HL08
3998,57HG88
3999,57HA84
4000,57GAVA
4001,58H658
4002,52HJ15
4003,288980
4004,57HH37
4005,57HJ57
4006,404950
4007,58H438
4008,58H817
4009,57HH14
4010,57HE50
4011,57HB11
4012,57HD05
4013,52H012
4014,57HG10
4015,52HG08
4016,57H967
4017,52HH55
4018,57GARE
4019,52GS20
4020,57HF31
4021,52HD67
4022,71202B98
4023,58H349
4024,50H277
4025,58H750
4026,57H895
4027,58H935
4028,52HF75
4029,57H790
4030,58H696
4031,57HA90
4032,58HB67
4033,71901BBC
4034,50H251
4035,57HJ43
4036,57HA02
4037,58H766
4038,52GQ83
4039,57H817
4040,52HA04
4041,52HC88
4042,57HD14
4043,52H991
4044,58HA95
4045,58H701
4046,57H754
4047,57H254
4048,52HH09
4049,52HK16
4050,52HJ62
4051,52HG67
4052,57HC23
4053,399720
4054,73503BA2
4055,57HH91
4056,52HJ53
4057,52HF34
4058,52H133
4059,50H305
4060,58H955
4061,58H971
4062,50H289
4063,52HJ52
4064,57HH43
4065,58HC78
4066,58H889
4067,75601BA2
4068,52HH61
4069,57HJ53
4070,52HL83
4071,58H421
4072,58H853
4073,52H948
4074,57HD88
4075,58GW01
4076,52H174
4077,52HB98
4078,58H986
4079,52H649
4080,52HJ60
4081,57H702
4082,57H184
4083,58H562
4084,57H397
4085,58H704
4086,52HJ41
4087,57HK16
4088,52HB93
4089,58HC05
4090,58H749
4091,57HF29
4092,50H453
4093,52H813
4094,57HC76
4095,50H456
4096,57H199
4097,58H898
4098,58HA16
4099,52HE22
4100,52H807
4101,58HB06
4102,58H157
4103,57HG19
4104,57GATW
4105,57HC81
4106,52HD27
4107,58H632
4108,57H407
4109,58HA64
4110,52HB40
4111,52HD18
4112,50H389
4113,57HB45
4114,57HH00
4115,58H548
4116,428560
4117,58H646
4118,58HA12
4119,52H677
4120,52H684
4121,52HD59
4122,52HJ08
4123,58H423
4124,57HG74
4125,52HE79
4126,52H947
4127,52HK74
4128,57HB50
4129,57HD11
4130,57H775
4131,57H524
4132,57HF11
4133,57HG71
4134,00532219
4135,57H588
4136,52HK05
4137,57H243
4138,58HA15
4139,52H933
4140,52HJ38
4141,57H987
4142,52HF76
4143,57H740
4144,74702B96
4145,57HD00
4146,58H371
4147,71201B97
4148,57H802
4149,57HD66
4150,58HA98
4151,57H215
4152,58HB91
4153,50H437
4154,58H721
4155,58H938
4156,419650
4157,58H756
4158,52HH17
4159,58HA49
4160,58H850
4161,427110
4162,52HC10
4163,58H921
4164,57HJ48
4165,52H828
4166,58HB31
4167,52HL77
4168,57H756
4169,58HC26
4170,50H490
4171,52HA51
4172,57HF08
4173,52HF86
4174,58H789
4175,52HG89
4176,57GARY
4177,136410
4178,50H374
4179,57H851
4180,52HG32
4181,72501BBC
4182,57HJ84
4183,57H242
4184,57H284
4185,50H316
4186,52H679
4187,73502BA2
4188,52H801
4189,58H796
4190,52HD02
4191,52HE59
4192,57H468
4193,58H844
4194,415920
4195,570078
4196,57HF06
4197,58H900
4198,52GR65
4199,58HB95
4200,58H666
4201,57H937
4202,58HC14
4203,52HH00
4204,357430
4205,04204217
4206,52HA22
4207,57HG49
4208,57H239
4209,58HC23
4210,57H773
4211,428510
4212,57HJ83
4213,58H126
4214,50H367
4215,57HA10
4216,52HD65
4217,57HH40
4218,50H314
4219,423920
4220,58H553
4221,50H247
4222,58GW30
4223,57GAQE
4224,52HB29
4225,52HJ91
4226,50H266
4227,52HE32
4228,50H293
4229,58HC43
4230,57H602
4231,58HA72
4232,52HJ67
4233,57H511
4234,58H884
4235,52H043
4236,57HE13
4237,58HB51
4238,58H642
4239,58H925
4240,57H550
4241,58H868
4242,52HH10
4243,58H515
4244,57HF13
4245,57GARK
4246,52HK13
4247,58H824
4248,52HK68
4249,52HK08
4250,58H391
4251,50H431
4252,52HF91
4253,58H575
4254,58H498
4255,58H727
4256,74201B98
4257,57HJ52
4258,74704B96
4259,52HF63
4260,57HA18
4261,58HA87
4262,58HC86
4263,58H514
4264,52GR19
4265,52HC46
4266,52HH51
4267,52H956
4268,57HH68
4269,57HC29
4270,57HD53
4271,57GAJM
4272,70101BA7
4273,52HK97
4274,58HA83
4275,57H805
4276,52HC41
4277,57HH10
4278,57HE01
4279,52HF60
4280,57HH93
4281,57H349
4282,52HJ74
4283,57HG89
4284,57HF37
4285,0110821B
4286,58HB25
4287,58HC85
4288,52HK44
4289,58H525
4290,57HK01
4291,57H423
4292,57HE88
4293,52HF68
4294,57HD91
4295,58H350
4296,71901B96
4297,52HA05
4298,57HG18
4299,52GS40
4300,52GR90
4301,58H672
4302,52HH28
4303,57GAVG
4304,57HF18
4305,52HL20
4306,70101B95
4307,52HE19
4308,58H877
4309,57H202
4310,57H997
4311,52HG00
4312,52HF05
4313,52HG84
4314,52H852
4315,57GAFL
4316,58H241
4317,52HH86
4318,57HB57
4319,58H945
4320,57HE82
4321,570069
4322,52HG97
4323,50H276
4324,57HH34
4325,52H729
4326,58H787
4327,57HF49
4328,57HK04
4329,58H991
4330,52HJ83
4331,52HC07
4332,52HG16
4333,58H816
4334,57HJ01
4335,57H244
4336,57H213
4337,52HG38
4338,57HJ32
4339,52H826
4340,52HH68
4341,58H791
4342,75802BB4
4343,57HG55
4344,57HE35
4345,52H035
4346,57H981
4347,57H831
4348,52HL81
4349,57GAVD
4350,52HH44
4351,52HL04
4352,57H766
4353,57HF04
4354,58HB55
4355,57HA22
4356,57H095
4357,52H733
4358,52HJ30
4359,50H396
4360,58H961
4361,58H728
4362,52HL41
4363,52H790
4364,57HH41
4365,50H353
4366,52HH03
4367,50H409
4368,57HG73
4369,58HA89
4370,74601669
4371,58H365
4372,50H345
4373,58H538
4374,57H263
4375,58H687
4376,57H198
4377,57HE58
4378,50H465
4379,57HA96
4380,50H359
4381,57HG46
4382,57HC93
4383,57H843
4384,58HA45
4385,58H812
4386,52HH87
4387,75702BA7
4388,57HG47
4389,52HC73
4390,52HK24
4391,52HD24
4392,52HJ79
4393,52HM27
4394,58H238
4395,52HK50
4396,57H954
4397,57H744
4398,52HJ23
4399,57H252
4400,52H965
4401,57H973
4402,57H108
4403,50H429
4404,57HK10
4405,52HD80
4406,58H473
4407,57H216
4408,57HG04
4409,57H223
4410,58H124
4411,52H178
4412,57H867
4413,52HL45
4414,50H452
4415,57HB76
4416,510020
4417,52HH58
4418,55G873
4419,52HG69
4420,57HA94
4421,58H839
4422,57HG02
4423,52HF61
4424,58H777
4425,57GAHR
4426,52H668
4427,50H224
4428,57H358
4429,58H242
4430,57H814
4431,52HD36
4432,57GAQD
4433,52HD32
4434,50H393
4435,57H591
4436,52H942
4437,52HF30
4438,57HC55
4439,58H235
4440,57H992
4441,50H406
4442,57HH56
4443,57H601
4444,426020
4445,50H468
4446,58H936
4447,52H974
4448,37550L
4449,52HF51
4450,52HC90
4451,52HD87
4452,58HA02
4453,52HC67
4454,57HJ30
4455,58H957
4456,57HF96
4457,2630501C
4458,58H720
4459,57H595
4460,58H424
4461,57HJ10
4462,04267217
4463,58H962
4464,55G883
4465,52HD51
4466,58HB66
4467,57H938
4468,58H348
4469,58H803
4470,52HB58
4471,57HH31
4472,57H925
4473,55G861
4474,57HE05
